date,time,elapsed_min,session_min,stocks,volume,value
2026-08-28,17:14,390,390,2741,766083072,24583970081448
2026-08-29,16:33,390,390,2741,773086765,26241137174055
2026-08-31,16:33,390,390,2747,839631288,31654717282276
2026-09-01,16:33,390,390,2748,833728510,21929229950932
2026-09-02,16:33,390,390,2746,846805916,23517471007452
2026-09-03,16:33,390,390,2735,956830722,23565583623746
2026-09-03,20:15,390,390,2735,1040070608,26906093001958
2026-09-03,20:51,390,390,2735,1040070608,26906093001958
2026-09-03,21:13,390,390,2735,1040070608,26906093001958
2026-09-03,22:03,390,390,2735,1040070608,26906093001958
2026-09-03,22:18,390,390,2735,1040070608,26906093001958
2026-09-03,22:33,390,390,2735,1040070608,26906093001958
2026-09-03,22:48,390,390,2735,1040070608,26906093001958
2026-09-03,23:03,390,390,2735,1040070608,26906093001958
2026-09-03,23:18,390,390,2735,1040070608,26906093001958
2026-09-03,23:33,390,390,2735,1040070608,26906093001958
2026-09-03,23:48,390,390,2735,1040070608,26906093001958
2026-09-04,09:03,3,390,2735,1040070608,26906093001958
2026-09-04,09:18,18,390,2735,1040070608,26906093001958
2026-09-04,09:33,33,390,2735,128362416,2494199211890
2026-09-04,09:48,48,390,2735,187590038,3987184593975
2026-09-04,10:03,63,390,2735,233158617,5154637955336
2026-09-04,10:18,78,390,2735,265393170,6212257083128
2026-09-04,10:33,93,390,2735,297703571,6992086706882
2026-09-04,10:48,108,390,2735,322184929,7657959969021
2026-09-04,11:03,123,390,2735,344596112,8217350160171
2026-09-04,11:18,138,390,2735,363528186,8898318674852
2026-09-04,11:33,153,390,2735,388983333,9484044888213
2026-09-04,11:48,168,390,2735,406450277,10024432530046
2026-09-04,11:55,175,390,2735,414611553,10260715498219
2026-09-04,12:03,183,390,2735,422268473,10493045846276
2026-09-04,12:18,198,390,2735,437333414,11044915966630
2026-09-04,12:33,213,390,2735,451919134,11531397577042
2026-09-04,12:48,228,390,2735,466734280,12014202296700
2026-09-04,13:03,243,390,2735,479717906,12489889976206
2026-09-04,13:18,258,390,2735,498412740,13005640291090
2026-09-04,13:33,273,390,2735,518033188,13727070396845
2026-09-04,13:48,288,390,2735,533416204,14527297305977
2026-09-04,14:03,303,390,2735,551956854,15371369715348
2026-09-04,14:18,318,390,2735,572817994,16139877768102
2026-09-04,14:33,333,390,2735,591130502,17021587624248
2026-09-04,14:48,348,390,2735,610889466,18059940012886
2026-09-04,15:03,363,390,2735,631004094,18884971666203
2026-09-04,15:18,378,390,2735,651924802,19788909857416
2026-09-04,15:33,390,390,2735,673486558,20594355863899
2026-09-04,15:48,390,390,2735,688086408,21126217034207
2026-09-04,16:03,390,390,2735,701505250,22438142802525
2026-09-04,16:18,390,390,2735,701858269,22442655989468
2026-09-04,16:33,390,390,2735,702140427,22444648234158
2026-09-04,16:37,390,390,2735,702140427,22444648234158
2026-09-04,16:43,390,390,2735,702420605,22446886841991
2026-09-04,16:48,390,390,2735,702420605,22446886841991
2026-09-04,17:03,390,390,2735,703003729,22451104785411
2026-09-04,17:18,390,390,2735,703354489,22453397733918
2026-09-04,17:33,390,390,2735,703882294,22457541056594
2026-09-04,17:48,390,390,2735,704281144,22460271926411
2026-09-04,21:14,390,390,2736,795056607,24768193888199
2026-09-04,22:03,390,390,2736,795056607,24768193888199
2026-09-04,22:18,390,390,2736,795056607,24768193888199
2026-09-04,22:33,390,390,2736,795056607,24768193888199
2026-09-04,22:48,390,390,2736,795056607,24768193888199
2026-09-04,23:03,390,390,2736,795056607,24768193888199
2026-09-04,23:18,390,390,2736,795056607,24768193888199
2026-09-04,23:33,390,390,2736,795056607,24768193888199
2026-09-04,23:48,390,390,2736,795056607,24768193888199
2026-09-05,09:03,3,390,2736,795056607,24768193888199
2026-09-05,09:18,18,390,2736,795056607,24768193888199
2026-09-05,09:33,33,390,2736,795056607,24768193888199
2026-09-05,09:48,48,390,2736,795056607,24768193888199
2026-09-05,10:03,63,390,2736,795056607,24768193888199
2026-09-05,10:18,78,390,2736,795056607,24768193888199
2026-09-05,10:33,93,390,2736,795056607,24768193888199
2026-09-05,10:48,108,390,2736,795056607,24768193888199
2026-09-05,11:03,123,390,2736,795056607,24768193888199
2026-09-05,11:18,138,390,2736,795056607,24768193888199
2026-09-05,11:33,153,390,2736,795056607,24768193888199
2026-09-05,11:48,168,390,2736,795056607,24768193888199
2026-09-05,12:03,183,390,2736,795056607,24768193888199
2026-09-05,12:19,199,390,2736,795056607,24768193888199
2026-09-05,12:33,213,390,2736,795056607,24768193888199
2026-09-05,12:48,228,390,2736,795056607,24768193888199
2026-09-05,13:03,243,390,2736,795056607,24768193888199
2026-09-05,13:18,258,390,2736,795056607,24768193888199
2026-09-05,13:33,273,390,2736,795056607,24768193888199
2026-09-05,13:48,288,390,2736,795056607,24768193888199
2026-09-05,14:03,303,390,2736,795056607,24768193888199
2026-09-05,14:18,318,390,2736,795056607,24768193888199
2026-09-05,14:33,333,390,2736,795056607,24768193888199
2026-09-05,14:48,348,390,2736,795056607,24768193888199
2026-09-05,15:03,363,390,2736,795056607,24768193888199
2026-09-05,15:18,378,390,2736,795056607,24768193888199
2026-09-05,15:33,390,390,2736,795056607,24768193888199
2026-09-05,15:48,390,390,2736,795056607,24768193888199
2026-09-05,16:03,390,390,2736,795056607,24768193888199
2026-09-05,16:18,390,390,2736,795056607,24768193888199
2026-09-05,16:33,390,390,2736,795056607,24768193888199
2026-09-05,16:36,390,390,2736,795056607,24768193888199
2026-09-05,16:48,390,390,2736,795056607,24768193888199
2026-09-05,17:03,390,390,2736,795056607,24768193888199
2026-09-05,17:18,390,390,2736,795056607,24768193888199
2026-09-05,17:33,390,390,2736,795056607,24768193888199
2026-09-05,17:48,390,390,2736,795056607,24768193888199
2026-09-05,22:03,390,390,2736,795056607,24768193888199
2026-09-05,22:18,390,390,2736,795056607,24768193888199
2026-09-05,22:33,390,390,2736,795056607,24768193888199
2026-09-05,22:48,390,390,2736,795056607,24768193888199
2026-09-05,23:03,390,390,2736,795056607,24768193888199
2026-09-05,23:18,390,390,2736,795056607,24768193888199
2026-09-05,23:33,390,390,2736,795056607,24768193888199
2026-09-05,23:48,390,390,2736,795056607,24768193888199
2026-09-07,09:03,3,390,2736,795056607,24768193888199
2026-09-07,09:18,18,390,2740,805507101,24772933349246
2026-09-07,09:33,33,390,2740,124089663,3305745935311
2026-09-07,09:48,48,390,2740,202022407,5252946787737
2026-09-07,10:03,63,390,2740,256262198,6700211442021
2026-09-07,10:18,78,390,2740,293338096,7838421747543
2026-09-07,10:33,93,390,2740,330408482,8763260519198
2026-09-07,10:48,108,390,2740,361328537,9663838750953
2026-09-07,11:03,123,390,2740,383811794,10417467837303
2026-09-07,11:18,138,390,2740,409647202,11119374948268
2026-09-07,11:33,153,390,2740,436799291,11833434902855
2026-09-07,11:48,168,390,2740,462956655,12466410937664
2026-09-07,11:54,174,390,2740,473719305,12661966822399
2026-09-07,12:03,183,390,2740,487441167,12934878313851
2026-09-07,12:18,198,390,2740,511734881,13474450272678
2026-09-07,12:33,213,390,2740,540208336,14003817485314
2026-09-07,12:48,228,390,2740,562878819,14810121041794
2026-09-07,13:03,243,390,2740,585871554,15537587396584
2026-09-07,13:18,258,390,2740,606581412,16237199324578
2026-09-07,13:33,273,390,2740,626644529,17136982175245
2026-09-07,13:48,288,390,2740,646648860,18183759649652
2026-09-07,14:03,303,390,2740,666563585,19110354893504
2026-09-07,14:18,318,390,2740,697284185,20067916661175
2026-09-07,14:33,333,390,2740,721758830,20952667203560
2026-09-07,14:48,348,390,2740,741392560,21863603549706
2026-09-07,15:03,363,390,2740,763487168,23031280004771
2026-09-07,15:18,378,390,2740,787910951,24029318671836
2026-09-07,15:33,390,390,2740,814662995,25434344560252
2026-09-07,15:48,390,390,2740,829709469,25920153813666
2026-09-07,16:03,390,390,2740,845775285,27952469369076
2026-09-07,16:18,390,390,2740,846273025,27982270225333
2026-09-07,16:33,390,390,2740,846991593,27986959264355
2026-09-07,16:37,390,390,2740,846991593,27986959264355
2026-09-07,16:48,390,390,2740,847300652,27989716318661
2026-09-07,16:56,390,390,2740,847796391,27992821137218
2026-09-07,17:03,390,390,2740,848074783,27995276918120
2026-09-07,17:18,390,390,2740,848370314,27997513829912
2026-09-07,17:33,390,390,2740,849077507,28003053262322
2026-09-07,17:48,390,390,2740,849426249,28006368418136
2026-09-07,22:03,390,390,2738,853425093,28275714998885
2026-09-07,22:18,390,390,2738,853425093,28275714998885
2026-09-07,22:33,390,390,2738,853425093,28275714998885
2026-09-07,22:38,390,390,2738,853425093,28275714998885
2026-09-07,22:48,390,390,2738,853425093,28275714998885
2026-09-07,23:03,390,390,2738,853425093,28275714998885
2026-09-07,23:18,390,390,2738,853425093,28275714998885
2026-09-07,23:33,390,390,2738,853425093,28275714998885
2026-09-07,23:48,390,390,2738,853425093,28275714998885
2026-09-08,09:03,3,390,2736,853455879,28275947142896
2026-09-08,09:18,18,390,2738,853644935,28276110991696
2026-09-08,09:33,33,390,2738,155014001,3257453400846
2026-09-08,09:48,48,390,2738,237496308,5892810234088
2026-09-08,10:03,63,390,2738,305829890,7678916278872
2026-09-08,10:18,78,390,2738,382079932,9408799273448
2026-09-08,10:33,93,390,2738,431883861,10801500601072
2026-09-08,10:48,108,390,2738,490191931,11945225679822
2026-09-08,11:03,123,390,2738,535276878,13138013273961
2026-09-08,11:18,138,390,2738,569235990,14213661843969
2026-09-08,11:33,153,390,2738,599207924,15151548428685
2026-09-08,11:48,168,390,2738,628619152,15977489819760
2026-09-08,12:01,181,390,2738,649910143,16639089163288
2026-09-08,12:04,184,390,2738,655636438,16876228701318
2026-09-08,12:18,198,390,2738,680488847,17536526424708
2026-09-08,12:33,213,390,2738,705948184,18262900518748
2026-09-08,12:48,228,390,2738,734323466,19311443360094
2026-09-08,13:03,243,390,2738,764854731,20177392501390
2026-09-08,13:18,258,390,2738,792067735,20997255130898
2026-09-08,13:33,273,390,2738,817085079,21881123063003
2026-09-08,13:48,288,390,2738,844942411,22727017994861
2026-09-08,14:03,303,390,2738,874385187,23709433849012
2026-09-08,14:18,318,390,2738,899744694,24700258399748
2026-09-08,14:33,333,390,2738,934798558,26014412060502
2026-09-08,14:48,348,390,2738,965684933,27198256329998
2026-09-08,15:03,363,390,2738,999332894,28300631787959
2026-09-08,15:18,378,390,2738,1035784172,29557547604354
2026-09-08,15:33,390,390,2738,1078034288,31213979049071
2026-09-08,15:48,390,390,2738,1099952841,31792843167852
2026-09-08,16:03,390,390,2738,1115842698,33161411080340
2026-09-08,16:18,390,390,2738,1116408069,33168588430335
2026-09-08,16:33,390,390,2738,1116831134,33173923649015
2026-09-08,16:37,390,390,2738,1116831134,33173923649015
2026-09-08,16:48,390,390,2738,1117248511,33178288169599
2026-09-08,17:04,390,390,2738,1118217309,33186463786011
2026-09-08,17:18,390,390,2738,1118662303,33191042265822
2026-09-08,17:33,390,390,2738,1119556722,33199527117571
2026-09-08,17:48,390,390,2738,1120180044,33204284043252
2026-09-08,21:15,390,390,2738,1124262688,33508953178909
2026-09-08,22:03,390,390,2738,1124262688,33508953178909
2026-09-08,22:18,390,390,2738,1124262688,33508953178909
2026-09-08,22:33,390,390,2738,1124262688,33508953178909
2026-09-08,22:48,390,390,2738,1124262688,33508953178909
2026-09-08,23:03,390,390,2738,1124262688,33508953178909
2026-09-08,23:18,390,390,2738,1124262688,33508953178909
2026-09-08,23:33,390,390,2738,1124262688,33508953178909
2026-09-08,23:48,390,390,2738,1124262688,33508953178909
2026-09-09,09:03,3,390,2738,1124262688,33508953178909
2026-09-09,09:18,18,390,2739,1127358939,33512072651994
2026-09-09,09:33,33,390,2739,203211906,3491665180666
2026-09-09,09:48,48,390,2740,288679896,5739058564775
2026-09-09,10:03,63,390,2740,355362324,7288644191551
2026-09-09,10:18,78,390,2740,404975724,8748680969898
2026-09-09,10:33,93,390,2740,452437116,10089114590646
2026-09-09,10:48,108,390,2740,493589336,11184011437434
2026-09-09,11:03,123,390,2740,527393163,12034869341980
2026-09-09,11:18,138,390,2740,568209402,13001706604149
2026-09-09,11:33,153,390,2740,597525267,14020650340936
2026-09-09,11:48,168,390,2740,629138146,14858505439905
2026-09-09,12:03,183,390,2740,655568033,15716776369466
2026-09-09,12:05,185,390,2740,659787530,15918174957305
2026-09-09,12:18,198,390,2740,682477690,16491885900588
2026-09-09,12:33,213,390,2740,707955162,17213973930348
2026-09-09,12:48,228,390,2740,737154064,17920800920117
2026-09-09,13:03,243,390,2740,760573758,18512250441681
2026-09-09,13:18,258,390,2740,790676981,19506022709845
2026-09-09,13:33,273,390,2740,815619197,20296512290022
2026-09-09,13:48,288,390,2740,838726083,21269528354179
2026-09-09,14:03,303,390,2740,861736755,22088845327469
2026-09-09,14:18,318,390,2740,885876715,22851234853261
2026-09-09,14:33,333,390,2740,923119106,23796153419417
2026-09-09,14:48,348,390,2740,954585259,24989432544530
2026-09-09,15:03,363,390,2740,978394805,25855943938578
2026-09-09,15:18,378,390,2740,1002444209,26827385499682
2026-09-09,15:33,390,390,2740,1031100064,27760946975261
2026-09-09,15:48,390,390,2740,1048886037,28337513878423
2026-09-09,16:03,390,390,2740,1064105979,29841765931364
2026-09-09,16:18,390,390,2740,1064557866,29847134772916
2026-09-09,16:33,390,390,2740,1064916220,29851291782988
2026-09-09,16:36,390,390,2740,1064916220,29851291782988
2026-09-09,16:48,390,390,2740,1065431402,29855292448881
2026-09-09,17:03,390,390,2740,1066744244,29863453235242
2026-09-09,17:08,390,390,2740,1066744244,29863453235242
2026-09-09,17:18,390,390,2740,1067127084,29866909170840
2026-09-09,17:33,390,390,2740,1068564599,29874849865589
2026-09-09,17:48,390,390,2740,1069022877,29879144871741
2026-09-09,21:27,390,390,2740,1075755928,30285249352633
2026-09-09,22:03,390,390,2740,1075755928,30285249352633
2026-09-09,22:18,390,390,2740,1075755928,30285249352633
2026-09-09,22:33,390,390,2740,1075755928,30285249352633
2026-09-09,22:48,390,390,2740,1075755928,30285249352633
2026-09-09,23:03,390,390,2740,1075755928,30285249352633
2026-09-09,23:18,390,390,2740,1075755928,30285249352633
2026-09-09,23:34,390,390,2740,1075755928,30285249352633
2026-09-09,23:48,390,390,2740,1075755928,30285249352633
2026-09-10,09:03,3,390,2743,1079488891,30287675511003
2026-09-10,09:18,18,390,2743,1079488891,30287675511003
2026-09-10,09:33,33,390,2743,147915411,3000296246100
2026-09-10,09:48,48,390,2743,218578318,4805665835419
2026-09-10,10:03,63,390,2743,304681470,6337081017895
2026-09-10,10:18,78,390,2743,351692546,7522388849775
2026-09-10,10:33,93,390,2743,408484658,8939070530626
2026-09-10,10:48,108,390,2743,477576890,10222565162301
2026-09-10,11:03,123,390,2743,533911607,11239655712654
2026-09-10,11:18,138,390,2743,572838717,12198558852016
2026-09-10,11:33,153,390,2743,609368790,13050414482285
2026-09-10,11:48,168,390,2743,635586027,13867620575631
2026-09-10,12:03,183,390,2743,665333220,14684471351449
2026-09-10,12:06,186,390,2743,669750718,14841968256807
2026-09-10,12:18,198,390,2743,688552257,15592318598330
2026-09-10,12:33,213,390,2743,715347744,16625749228077
2026-09-10,12:48,228,390,2743,737086571,17564575530341
2026-09-10,13:03,243,390,2743,760941298,18398394786311
2026-09-10,13:18,258,390,2743,782309786,19211795571655
2026-09-10,13:33,273,390,2743,805237648,19959480554375
2026-09-10,13:48,288,390,2743,830780516,20826034916655
2026-09-10,14:03,303,390,2743,857391967,21866450071943
2026-09-10,14:18,318,390,2743,881154024,22862007042847
2026-09-10,14:33,333,390,2743,910767917,23954286192820
2026-09-10,14:48,348,390,2743,937186288,24939740256131
2026-09-10,15:03,363,390,2743,968518270,26301027151645
2026-09-10,15:18,378,390,2744,996372134,27398672727108
2026-09-10,15:33,390,390,2744,1029671793,28741898187467
2026-09-10,15:48,390,390,2744,1047630118,29414249099749
2026-09-10,16:03,390,390,2744,1117406658,38519865602857
2026-09-10,16:18,390,390,2744,1118630582,38525877549032
2026-09-10,16:33,390,390,2744,1119031436,38530295939454
2026-09-10,16:36,390,390,2744,1119031436,38530295939454
2026-09-10,16:48,390,390,2744,1119446631,38534605733003
2026-09-10,17:03,390,390,2744,1121625827,38543443133825
2026-09-10,17:07,390,390,2744,1121625827,38543443133825
2026-09-10,17:18,390,390,2744,1122027527,38547941537659
2026-09-10,17:33,390,390,2744,1122977255,38555492894225
2026-09-10,17:48,390,390,2744,1123391168,38559564011994
2026-09-10,21:21,390,390,2744,1132054518,39346869577150
2026-09-10,22:03,390,390,2743,1131931898,39346643956350
2026-09-10,22:18,390,390,2743,1131931898,39346643956350
2026-09-10,22:33,390,390,2743,1131931898,39346643956350
2026-09-10,22:48,390,390,2743,1131931898,39346643956350
2026-09-10,23:05,390,390,2743,1131931898,39346643956350
2026-09-10,23:18,390,390,2743,1131931898,39346643956350
2026-09-10,23:33,390,390,2743,1131931898,39346643956350
2026-09-10,23:48,390,390,2743,1131931898,39346643956350
2026-09-11,09:03,3,390,2742,1131816657,39346401374045
2026-09-11,09:18,18,390,2744,1133416564,39347468060197
2026-09-11,09:33,33,390,2744,171148067,3102191753535
2026-09-11,09:48,48,390,2744,228205126,5063169478456
2026-09-11,10:03,63,390,2744,280444768,6505535316637
2026-09-11,10:18,78,390,2744,324089323,7681706518985
2026-09-11,10:33,93,390,2744,364885408,8546573459722
2026-09-11,10:48,108,390,2744,397969282,9564073237652
2026-09-11,11:03,123,390,2744,438743811,10544333855646
2026-09-11,11:18,138,390,2744,479232950,11368423578136
2026-09-11,11:33,153,390,2744,514943381,12224725342768
2026-09-11,11:48,168,390,2744,539595477,12983812987457
2026-09-11,12:00,180,390,2744,558874115,13537170791704
2026-09-11,12:03,183,390,2744,562542250,13629078117171
2026-09-11,12:18,198,390,2744,582107457,14163005051636
2026-09-11,12:33,213,390,2744,606340900,14779623138206
2026-09-11,12:48,228,390,2744,627556117,15502250585213
2026-09-11,13:03,243,390,2744,646585600,16109627890189
2026-09-11,13:18,258,390,2744,662617203,16654737978721
2026-09-11,13:33,273,390,2744,685682062,17214767702869
2026-09-11,13:48,288,390,2744,707042091,17908882718847
2026-09-11,14:03,303,390,2744,730307008,18807439696074
2026-09-11,14:18,318,390,2744,749193223,19443346596004
2026-09-11,14:33,333,390,2744,774098355,20217394516135
2026-09-11,14:48,348,390,2744,797213857,20854666143420
2026-09-11,15:03,363,390,2744,819748847,21584600561844
2026-09-11,15:18,378,390,2744,845637222,22760187136437
2026-09-11,15:33,390,390,2744,873011148,23626455143052
2026-09-11,15:48,390,390,2744,888010538,24051310394995
2026-09-11,16:03,390,390,2744,906813494,25733276681027
2026-09-11,16:18,390,390,2744,907647979,25742457668758
2026-09-11,16:33,390,390,2744,907967941,25745966112069
2026-09-11,16:36,390,390,2744,907967941,25745966112069
2026-09-11,16:48,390,390,2744,908306058,25749542226611
2026-09-11,16:54,390,390,2744,909635592,25753014928084
2026-09-11,17:03,390,390,2744,909935203,25756314629567
2026-09-11,17:18,390,390,2744,910260867,25759707775546
2026-09-11,17:33,390,390,2744,911005205,25766069327284
2026-09-11,17:48,390,390,2744,911897138,25770256392670
2026-09-11,21:19,390,390,2744,917618559,26066221983092
2026-09-11,22:03,390,390,2744,917618559,26066221983092
2026-09-11,22:18,390,390,2744,917618559,26066221983092
2026-09-11,22:33,390,390,2744,917618559,26066221983092
2026-09-11,22:48,390,390,2744,917618559,26066221983092
2026-09-11,23:03,390,390,2744,917618559,26066221983092
2026-09-11,23:18,390,390,2744,917618559,26066221983092
2026-09-11,23:33,390,390,2744,917618559,26066221983092
2026-09-11,23:48,390,390,2744,917618559,26066221983092
2026-09-12,09:03,3,390,2744,917618559,26066221983092
2026-09-12,09:18,18,390,2744,917618559,26066221983092
2026-09-12,09:33,33,390,2744,917618559,26066221983092
2026-09-12,09:48,48,390,2744,917618559,26066221983092
2026-09-12,10:03,63,390,2744,917618559,26066221983092
2026-09-12,10:18,78,390,2744,917618559,26066221983092
2026-09-12,10:33,93,390,2744,917618559,26066221983092
2026-09-12,10:48,108,390,2744,917618559,26066221983092
2026-09-12,11:03,123,390,2744,917618559,26066221983092
2026-09-12,11:18,138,390,2744,917618559,26066221983092
2026-09-12,11:33,153,390,2744,917618559,26066221983092
2026-09-12,11:48,168,390,2744,917618559,26066221983092
2026-09-12,12:03,183,390,2744,917618559,26066221983092
2026-09-12,12:18,198,390,2744,917618559,26066221983092
2026-09-12,12:33,213,390,2744,917618559,26066221983092
2026-09-12,12:48,228,390,2744,917618559,26066221983092
2026-09-12,13:03,243,390,2744,917618559,26066221983092
2026-09-12,13:18,258,390,2744,917618559,26066221983092
2026-09-12,13:33,273,390,2744,917618559,26066221983092
2026-09-12,13:48,288,390,2744,917618559,26066221983092
2026-09-12,14:03,303,390,2744,917618559,26066221983092
2026-09-12,14:18,318,390,2744,917618559,26066221983092
2026-09-12,14:33,333,390,2744,917618559,26066221983092
2026-09-12,14:48,348,390,2744,917618559,26066221983092
2026-09-12,15:03,363,390,2744,917618559,26066221983092
2026-09-12,15:18,378,390,2744,917618559,26066221983092
2026-09-12,15:33,390,390,2744,917618559,26066221983092
2026-09-12,15:48,390,390,2744,917618559,26066221983092
2026-09-12,16:03,390,390,2744,917618559,26066221983092
2026-09-12,16:18,390,390,2744,917618559,26066221983092
2026-09-12,16:33,390,390,2744,917618559,26066221983092
2026-09-12,16:37,390,390,2744,917618559,26066221983092
2026-09-12,16:48,390,390,2744,917618559,26066221983092
2026-09-12,17:03,390,390,2744,917618559,26066221983092
2026-09-12,17:18,390,390,2744,917618559,26066221983092
2026-09-12,17:33,390,390,2744,917618559,26066221983092
2026-09-12,17:48,390,390,2744,917618559,26066221983092
2026-09-12,22:03,390,390,2744,917618559,26066221983092
2026-09-12,22:18,390,390,2744,917618559,26066221983092
2026-09-12,22:33,390,390,2744,917618559,26066221983092
2026-09-12,22:48,390,390,2744,917618559,26066221983092
2026-09-12,23:03,390,390,2744,917618559,26066221983092
2026-09-12,23:18,390,390,2744,917618559,26066221983092
2026-09-12,23:33,390,390,2744,917618559,26066221983092
2026-09-12,23:48,390,390,2744,917618559,26066221983092
2026-09-14,09:03,3,390,2744,923776772,26080632274635
2026-09-14,09:18,18,390,2746,922247182,26080021812733
2026-09-14,09:33,33,390,2746,171347067,3478837190966
2026-09-14,09:48,48,390,2746,241380892,5175989097213
2026-09-14,10:03,63,390,2746,299500249,6533158284339
2026-09-14,10:18,78,390,2746,338136144,7605799541548
2026-09-14,10:33,93,390,2746,382920222,8911775014012
2026-09-14,10:48,108,390,2746,411948514,10004272714332
2026-09-14,11:04,124,390,2746,439849654,10849363670570
2026-09-14,11:18,138,390,2746,465474714,11693215333057
2026-09-14,11:33,153,390,2746,498210310,12611338669756
2026-09-14,11:48,168,390,2746,525633881,13245759037857
2026-09-14,12:03,183,390,2746,554961116,13853584634555
2026-09-14,12:18,198,390,2746,575014641,14382048636904
2026-09-14,12:23,203,390,2746,583520673,14548507052061
2026-09-14,12:34,214,390,2746,613414548,14956198532673
2026-09-14,12:48,228,390,2746,638094836,15482130301785
2026-09-14,13:03,243,390,2746,663461053,15941796870588
2026-09-14,13:18,258,390,2746,686442168,16516476847911
2026-09-14,13:33,273,390,2746,711406132,17080204937559
2026-09-14,13:48,288,390,2746,733530941,17726697163450
2026-09-14,14:04,304,390,2746,757638121,18318808106043
2026-09-14,14:18,318,390,2746,775843759,18908198304234
2026-09-14,14:33,333,390,2746,801240533,19772118073296
2026-09-14,14:48,348,390,2746,832325780,20858069122548
2026-09-14,15:03,363,390,2746,866267814,21750773119606
2026-09-14,15:18,378,390,2746,894134957,22708966783359
2026-09-14,15:33,390,390,2746,923901257,23823235804608
2026-09-14,15:48,390,390,2746,937810780,24312389280246
2026-09-14,16:03,390,390,2746,953926925,25608983784613
2026-09-14,16:18,390,390,2746,954632884,25616963937844
2026-09-14,16:33,390,390,2746,959958170,25704667863167
2026-09-14,16:37,390,390,2746,961881742,25723795698462
2026-09-14,16:48,390,390,2746,967299809,25791185214521
2026-09-14,17:03,390,390,2746,972645472,25881395050217
2026-09-14,17:18,390,390,2746,976635461,25961814721069
2026-09-14,17:33,390,390,2746,981155979,26099144409982
2026-09-14,17:48,390,390,2746,985068731,26218902699847
2026-09-14,18:10,390,390,2746,991314952,26372374255692
2026-09-14,22:03,390,390,2749,1009234849,26881862186671
2026-09-14,22:18,390,390,2749,1009234849,26881862186671
2026-09-14,22:33,390,390,2749,1009234849,26881862186671
2026-09-14,22:48,390,390,2749,1009234849,26881862186671
2026-09-14,23:03,390,390,2749,1009234849,26881862186671
2026-09-14,23:18,390,390,2749,1009234849,26881862186671
2026-09-14,23:21,390,390,2749,1009234849,26881862186671
2026-09-14,23:33,390,390,2749,1009234849,26881862186671
2026-09-14,23:48,390,390,2749,1009234849,26881862186671
2026-09-15,09:03,3,390,2748,1009065462,26881500545426
2026-09-15,09:18,18,390,2746,1008912163,26881318173445
2026-09-15,09:33,33,390,2746,179270167,2557298719543
2026-09-15,09:48,48,390,2746,264024672,4282943425909
2026-09-15,10:03,63,390,2746,322915791,5571964421323
2026-09-15,10:18,78,390,2746,368595287,6694307248336
2026-09-15,10:33,93,390,2746,408521179,7625824131445
2026-09-15,10:48,108,390,2746,439141717,8507623910584
2026-09-15,11:03,123,390,2746,471397058,9342583621824
2026-09-15,11:18,138,390,2746,498803742,10028140152812
2026-09-15,11:33,153,390,2746,524314208,10607591777380
2026-09-15,11:48,168,390,2746,549512544,11172305173358
2026-09-15,12:03,183,390,2746,572547316,11757856697454
2026-09-15,12:18,198,390,2746,590042767,12292050164195
2026-09-15,12:24,204,390,2746,599371738,12460459379780
2026-09-15,12:33,213,390,2746,610672702,12722506104483
2026-09-15,12:48,228,390,2747,632601652,13131249259227
2026-09-15,13:03,243,390,2747,654854313,13557118348380
2026-09-15,13:18,258,390,2747,678274734,14028128675688
2026-09-15,13:33,273,390,2747,709777001,14575586292877
2026-09-15,13:48,288,390,2747,741377048,15336263125397
2026-09-15,14:03,303,390,2747,770811663,16060466383790
2026-09-15,14:18,318,390,2747,797936791,16674645517004
2026-09-15,14:33,333,390,2747,834123128,17385886182678
2026-09-15,14:48,348,390,2747,864208242,18339301544227
2026-09-15,15:03,363,390,2747,889167225,19272321544572
2026-09-15,15:18,378,390,2747,911357393,20034139983600
2026-09-15,15:33,390,390,2747,938157866,20777959148322
2026-09-15,15:48,390,390,2747,950762781,21199386135607
2026-09-15,16:03,390,390,2747,965602755,22219330003363
2026-09-15,16:18,390,390,2747,966039874,22224157606942
2026-09-15,16:33,390,390,2747,972973787,22276155854993
2026-09-15,16:37,390,390,2747,974607322,22289153918073
2026-09-15,16:48,390,390,2747,978712964,22330557073571
2026-09-15,17:03,390,390,2747,982486178,22371390544822
2026-09-15,17:18,390,390,2747,986996314,22415030729424
2026-09-15,17:34,390,390,2747,992375358,22477696531908
2026-09-15,17:48,390,390,2747,995678428,22518500392695
2026-09-15,17:53,390,390,2747,996634570,22528301384698
2026-09-15,21:51,390,390,2747,1017274197,22957473063737
2026-09-15,22:03,390,390,2747,1017274197,22957473063737
2026-09-15,22:18,390,390,2747,1017274197,22957473063737
2026-09-15,22:33,390,390,2747,1017274197,22957473063737
2026-09-15,22:48,390,390,2747,1017274197,22957473063737
2026-09-15,23:03,390,390,2747,1017274197,22957473063737
2026-09-15,23:18,390,390,2747,1017274197,22957473063737
2026-09-15,23:33,390,390,2747,1017274197,22957473063737
2026-09-15,23:48,390,390,2747,1017274197,22957473063737
2026-09-16,09:03,3,390,2747,1017274197,22957473063737
2026-09-16,09:18,18,390,2745,1001434353,22945961281963
2026-09-16,09:33,33,390,2745,168941359,2310760719292
2026-09-16,09:48,48,390,2745,244979088,3726099574066
2026-09-16,10:03,63,390,2745,305050384,5057639037801
2026-09-16,10:18,78,390,2745,352244997,6045251091544
2026-09-16,10:33,93,390,2745,396473924,6872506504345
2026-09-16,10:48,108,390,2745,434784147,7690937570452
2026-09-16,11:03,123,390,2745,476512359,8390703684640
2026-09-16,11:18,138,390,2745,506087701,9029088929567
2026-09-16,11:33,153,390,2745,534671264,9645211563823
2026-09-16,11:48,168,390,2745,558316609,10227667638487
2026-09-16,12:03,183,390,2745,586537009,10814152081194
2026-09-16,12:20,200,390,2745,613492002,11427378156846
2026-09-16,12:33,213,390,2745,629449172,12001031993502
2026-09-16,12:48,228,390,2745,647590140,12616461579417
2026-09-16,13:03,243,390,2745,666228223,13082416165644
2026-09-16,13:18,258,390,2745,688561073,13756536301963
2026-09-16,13:33,273,390,2745,716002503,14493401880192
2026-09-16,13:48,288,390,2745,734662474,15124824940569
2026-09-16,14:03,303,390,2745,757349514,15752652900043
2026-09-16,14:18,318,390,2745,774723426,16271878255372
2026-09-16,14:33,333,390,2745,804535179,16877959725321
2026-09-16,14:48,348,390,2745,827239719,17620635841129
2026-09-16,15:03,363,390,2745,851318902,18421746721081
2026-09-16,15:18,378,390,2745,877298797,19225677648502
2026-09-16,15:33,390,390,2745,908905412,20299890753685
2026-09-16,15:49,390,390,2745,922713802,20810909700303
2026-09-16,16:03,390,390,2745,940374469,22171686674248
2026-09-16,16:18,390,390,2745,941080540,22177274261070
2026-09-16,16:33,390,390,2745,945498522,22253570651603
2026-09-16,16:37,390,390,2745,946528930,22268117757044
2026-09-16,16:48,390,390,2745,949072035,22322954826820
2026-09-16,17:03,390,390,2745,952159393,22369755767339
2026-09-16,17:18,390,390,2745,955107106,22414057579023
2026-09-16,17:33,390,390,2745,957700951,22464110233209
2026-09-16,17:48,390,390,2745,960522469,22497168076199
2026-09-16,21:46,390,390,2745,980722973,22874840158026
2026-09-16,22:04,390,390,2745,980722973,22874840158026
2026-09-16,22:18,390,390,2745,980722973,22874840158026
2026-09-16,22:33,390,390,2745,980722973,22874840158026
2026-09-16,22:48,390,390,2745,980722973,22874840158026
2026-09-16,23:03,390,390,2745,980722973,22874840158026
2026-09-16,23:18,390,390,2745,980722973,22874840158026
2026-09-16,23:33,390,390,2745,980722973,22874840158026
2026-09-16,23:48,390,390,2745,980722973,22874840158026
2026-09-17,09:03,3,390,2743,971021505,22870999968141
2026-09-17,09:18,18,390,2743,971021505,22870999968141
2026-09-17,09:33,33,390,2743,167250996,2789339675930
2026-09-17,09:48,48,390,2743,246148103,4414345294953
2026-09-17,10:03,63,390,2743,303287958,5605414323082
2026-09-17,10:18,78,390,2743,342198245,6570928452272
2026-09-17,10:33,93,390,2743,378658512,7498169615387
2026-09-17,10:48,108,390,2743,408658952,8190072474330
2026-09-17,11:03,123,390,2743,440905611,8902933227947
2026-09-17,11:18,138,390,2743,465968028,9545257547486
2026-09-17,11:33,153,390,2743,493208121,10108695610260
2026-09-17,11:48,168,390,2743,519138966,10610077329531
2026-09-17,12:03,183,390,2743,545435696,11091323194180
2026-09-17,12:18,198,390,2743,562828673,11522262676634
2026-09-17,12:26,206,390,2743,573352940,11716987610278
2026-09-17,12:33,213,390,2743,581290696,11902176917334
2026-09-17,12:48,228,390,2743,596001284,12333335666692
2026-09-17,13:03,243,390,2743,613176744,12781273045359
2026-09-17,13:18,258,390,2743,631101294,13331135144676
2026-09-17,13:33,273,390,2743,652789947,13943933596522
2026-09-17,13:49,289,390,2743,671373424,14593991385337
2026-09-17,14:03,303,390,2743,691825665,15255136135578
2026-09-17,14:18,318,390,2743,709368084,16004631918291
2026-09-17,14:33,333,390,2743,730521339,16588794351542
2026-09-17,14:48,348,390,2743,750811765,17245778569950
2026-09-17,15:03,363,390,2743,780383682,17869198656467
2026-09-17,15:18,378,390,2743,803123930,18580723397416
2026-09-17,15:33,390,390,2743,834685428,19364528219440
2026-09-17,15:48,390,390,2743,847508922,19751314749267
2026-09-17,16:03,390,390,2743,864223701,21056725891972
2026-09-17,16:18,390,390,2743,864607009,21059563842418
2026-09-17,16:33,390,390,2743,868262470,21121269733938
2026-09-17,16:36,390,390,2743,869080745,21132968083382
2026-09-17,16:48,390,390,2743,871684254,21172631794970
2026-09-17,17:03,390,390,2743,874631856,21214396754413
2026-09-17,17:18,390,390,2743,877165176,21260424581279
2026-09-17,17:33,390,390,2743,879369355,21305637907297
2026-09-17,17:50,390,390,2743,881552811,21337373053996
2026-09-17,21:31,390,390,2743,901673332,21809218366742
2026-09-17,21:39,390,390,2743,901673332,21809218366742
2026-09-17,21:44,390,390,2743,901673332,21809218366742
2026-09-17,22:03,390,390,2743,901673332,21809218366742
2026-09-17,22:18,390,390,2743,901673332,21809218366742
2026-09-17,22:33,390,390,2743,901673332,21809218366742
2026-09-17,22:48,390,390,2743,901673332,21809218366742
2026-09-17,23:03,390,390,2743,901673332,21809218366742
2026-09-17,23:18,390,390,2743,901673332,21809218366742
2026-09-17,23:33,390,390,2743,901673332,21809218366742
2026-09-17,23:48,390,390,2743,901673332,21809218366742
2026-09-18,09:03,3,390,2743,901497399,21809218190809
2026-09-18,09:18,18,390,2745,902677949,21809964302779
2026-09-18,09:33,33,390,2745,156630876,2988442641312
2026-09-18,09:48,48,390,2745,230863011,4723565253935
2026-09-18,10:03,63,390,2745,291577704,6155641216633
2026-09-18,10:18,78,390,2745,341976126,7451012198334
2026-09-18,10:33,93,390,2745,386587867,8527921671641
2026-09-18,10:48,108,390,2746,420690199,9433912279199
2026-09-18,11:03,123,390,2746,451809580,10292771074779
2026-09-18,11:18,138,390,2746,478008484,10991623060487
2026-09-18,11:33,153,390,2746,504722666,11536456125984
2026-09-18,11:48,168,390,2746,526655440,12136707601795
2026-09-18,12:03,183,390,2746,552444183,12678030035607
2026-09-18,12:12,192,390,2746,565037271,12973002758371
2026-09-18,12:18,198,390,2746,575876991,13309231863234
2026-09-18,12:33,213,390,2746,601770290,14162897254530
2026-09-18,12:49,229,390,2746,625143826,15018260090252
2026-09-18,13:03,243,390,2746,649830281,15659765343871
2026-09-18,13:18,258,390,2746,673389408,16506352471089
2026-09-18,13:33,273,390,2746,706576748,17408903542745
2026-09-18,13:48,288,390,2746,726229123,18156933985896
2026-09-18,14:03,303,390,2746,754723915,18830563638141
2026-09-18,14:18,318,390,2746,780382453,19703661705197
2026-09-18,14:33,333,390,2746,813629366,20477040509499
2026-09-18,14:48,348,390,2746,840195810,21487183051531
2026-09-18,15:03,363,390,2746,874798603,22435001639182
2026-09-18,15:18,378,390,2746,898482185,23290221838506
2026-09-18,15:33,390,390,2746,934726190,24357044236734
2026-09-18,15:48,390,390,2746,950993439,24865564249462
2026-09-18,16:03,390,390,2746,1033224491,32764085397908
2026-09-18,16:18,390,390,2746,1034212561,32776147657636
2026-09-18,16:33,390,390,2746,1038343576,32861632354602
2026-09-18,16:37,390,390,2746,1039455032,32881089063887
2026-09-18,16:49,390,390,2746,1042434115,32935581031143
2026-09-18,17:03,390,390,2746,1045127920,33003034536678
2026-09-18,17:14,390,390,2746,1047051111,33039648896400
2026-09-18,17:18,390,390,2746,1047763428,33052309028455
2026-09-18,17:33,390,390,2746,1050123169,33106469403550
2026-09-18,17:48,390,390,2746,1053033294,33170314671545
2026-09-18,21:20,390,390,2746,1072345977,33605253487573
2026-09-18,22:03,390,390,2746,1072345977,33605253487573
2026-09-18,22:18,390,390,2746,1072345977,33605253487573
2026-09-18,22:33,390,390,2746,1072345977,33605253487573
2026-09-18,22:48,390,390,2746,1072345977,33605253487573
2026-09-18,23:03,390,390,2746,1072345977,33605253487573
2026-09-18,23:18,390,390,2746,1072345977,33605253487573
2026-09-18,23:33,390,390,2746,1072345977,33605253487573
2026-09-18,23:48,390,390,2746,1072345977,33605253487573
2026-09-19,09:03,3,390,2746,1072345977,33605253487573
2026-09-19,09:18,18,390,2746,1072345977,33605253487573
2026-09-19,09:33,33,390,2746,1072345977,33605253487573
2026-09-19,09:48,48,390,2746,1072345977,33605253487573
2026-09-19,10:03,63,390,2746,1072345977,33605253487573
2026-09-19,10:18,78,390,2746,1072345977,33605253487573
2026-09-19,10:33,93,390,2746,1072345977,33605253487573
2026-09-19,10:48,108,390,2746,1072345977,33605253487573
2026-09-19,11:03,123,390,2746,1072346079,33605253487573
2026-09-19,11:18,138,390,2746,1072346079,33605253487573
2026-09-19,11:34,154,390,2746,1072346079,33605253656893
2026-09-19,11:48,168,390,2746,1072346079,33605253656893
2026-09-19,12:03,183,390,2746,1072346079,33605253656893
2026-09-19,12:18,198,390,2746,1072346079,33605253656893
2026-09-19,12:33,213,390,2746,1072346079,33605253656893
2026-09-19,12:48,228,390,2746,1072346079,33605253656893
2026-09-19,13:03,243,390,2746,1072346079,33605253656893
2026-09-19,13:18,258,390,2746,1072346079,33605253656893
2026-09-19,13:33,273,390,2746,1072346079,33605253656893
2026-09-19,13:48,288,390,2746,1072346079,33605253656893
2026-09-19,14:03,303,390,2746,1072346079,33605253656893
2026-09-19,14:18,318,390,2746,1072346079,33605253656893
2026-09-19,14:33,333,390,2746,1072346079,33605253656893
2026-09-19,14:48,348,390,2746,1072346079,33605253656893
2026-09-19,15:03,363,390,2746,1072346079,33605253656893
2026-09-19,15:18,378,390,2746,1072346079,33605253656893
2026-09-19,15:33,390,390,2746,1072346079,33605253656893
2026-09-19,15:48,390,390,2746,1072346079,33605253656893
2026-09-19,16:03,390,390,2746,1072346079,33605253656893
2026-09-19,16:18,390,390,2746,1072346079,33605253656893
2026-09-19,16:33,390,390,2746,1072346079,33605253656893
2026-09-19,16:37,390,390,2746,1072346079,33605253656893
2026-09-19,16:48,390,390,2746,1072346079,33605253656893
2026-09-19,17:03,390,390,2746,1072346079,33605253656893
2026-09-19,17:18,390,390,2746,1072346079,33605253656893
2026-09-19,17:33,390,390,2746,1072346079,33605253656893
2026-09-19,17:48,390,390,2746,1072346079,33605253656893
2026-09-19,22:03,390,390,2746,1072346079,33605253656893
2026-09-19,22:18,390,390,2746,1072346079,33605253656893
2026-09-19,22:33,390,390,2746,1072346079,33605253656893
2026-09-19,22:48,390,390,2746,1072346079,33605253656893
2026-09-19,23:03,390,390,2746,1072346079,33605253656893
2026-09-19,23:18,390,390,2746,1072346079,33605253656893
2026-09-19,23:33,390,390,2746,1072346079,33605253656893
2026-09-19,23:48,390,390,2746,1072346079,33605253656893
2026-09-21,09:03,3,390,2744,1058943387,33604550199493
2026-09-21,09:18,18,390,2746,1059265954,33604783836946
2026-09-21,09:33,33,390,2746,213284086,3542570399333
2026-09-21,09:48,48,390,2746,285541446,5660304842553
2026-09-21,10:03,63,390,2746,334679989,7049187662432
2026-09-21,10:19,79,390,2746,373506358,8288176485389
2026-09-21,10:34,94,390,2746,408936396,9739840841437
2026-09-21,10:48,108,390,2746,435755462,10690415485699
2026-09-21,11:03,123,390,2746,459533751,11490142177228
2026-09-21,11:18,138,390,2746,484643771,12408762402549
2026-09-21,11:33,153,390,2746,508685653,13190970444691
2026-09-21,11:48,168,390,2746,528200188,13804322500708
2026-09-21,12:03,183,390,2746,545321691,14358404303655
2026-09-21,12:20,200,390,2746,565539419,14997417516396
2026-09-21,12:33,213,390,2746,580221741,15576800846962
2026-09-21,12:48,228,390,2746,594710973,16140860095120
2026-09-21,13:03,243,390,2746,611177142,16722282007010
2026-09-21,13:18,258,390,2746,626759529,17354402679498
2026-09-21,13:33,273,390,2746,643378241,17990070456465
2026-09-21,13:48,288,390,2746,660017794,18761149720299
2026-09-21,14:03,303,390,2746,678879309,19417240080541
2026-09-21,14:18,318,390,2746,695935175,20104102915959
2026-09-21,14:33,333,390,2746,714330144,20830362419550
2026-09-21,14:48,348,390,2746,735943624,21632925498562
2026-09-21,15:03,363,390,2746,754350648,22415737818725
2026-09-21,15:18,378,390,2746,772886923,23138546310956
2026-09-21,15:33,390,390,2746,795454246,24027576120207
2026-09-21,15:48,390,390,2746,808313705,24508375874042
2026-09-21,16:03,390,390,2746,821651340,25942241138217
2026-09-21,16:18,390,390,2746,822001623,25948404267865
2026-09-21,16:33,390,390,2746,825125194,26026919974907
2026-09-21,16:37,390,390,2746,825743158,26042004545557
2026-09-21,16:48,390,390,2746,827989145,26107310081316
2026-09-21,17:03,390,390,2746,831104241,26180626473020
2026-09-21,17:18,390,390,2746,833909854,26231071487939
2026-09-21,17:33,390,390,2746,836923973,26381021908488
2026-09-21,17:48,390,390,2746,839863490,26439835393865
2026-09-21,18:12,390,390,2746,844259946,26553729065033
2026-09-21,22:03,390,390,2747,896399265,28210654100332
2026-09-21,22:18,390,390,2747,896399265,28210654100332
2026-09-21,22:33,390,390,2747,896399265,28210654100332
2026-09-21,22:48,390,390,2747,896399265,28210654100332
2026-09-21,23:03,390,390,2747,896399265,28210654100332
2026-09-21,23:18,390,390,2747,896399265,28210654100332
2026-09-21,23:29,390,390,2747,896399265,28210654100332
2026-09-21,23:33,390,390,2747,896399265,28210654100332
2026-09-21,23:48,390,390,2747,896399265,28210654100332
2026-09-22,09:03,3,390,2742,837231974,28208726670900
2026-09-22,09:15,15,390,2742,837231974,28208726670900
2026-09-22,09:18,18,390,2744,837988575,28209417447613
2026-09-22,09:33,33,390,2744,165114167,4112258481609
2026-09-22,09:48,48,390,2744,237938815,6274277529594
2026-09-22,10:03,63,390,2744,284201473,7903736711778
2026-09-22,10:18,78,390,2744,321584243,9119222832451
2026-09-22,10:33,93,390,2744,362566139,10134800250582
2026-09-22,10:48,108,390,2744,394409199,11101409515001
2026-09-22,11:03,123,390,2744,426464780,11931170438999
2026-09-22,11:18,138,390,2744,453713145,12847614711260
2026-09-22,11:33,153,390,2744,481969335,13584684046915
2026-09-22,11:48,168,390,2744,512562187,14316428950957
2026-09-22,12:03,183,390,2744,534482347,15027985122916
2026-09-22,12:19,199,390,2744,550908571,15612635148768
2026-09-22,12:33,213,390,2744,565932743,16191150704168
2026-09-22,12:48,228,390,2744,582775909,16676456475907
2026-09-22,13:03,243,390,2744,601259534,17232522660403
2026-09-22,13:19,259,390,2744,628300217,17975469377843
2026-09-22,13:33,273,390,2744,657397185,18830031561115
2026-09-22,13:48,288,390,2744,682746213,19716415891153
2026-09-22,14:03,303,390,2744,709714120,20696939076602
2026-09-22,14:19,319,390,2744,738929142,21784097509581
2026-09-22,14:33,333,390,2744,766048325,22846402399587
2026-09-22,14:48,348,390,2744,791509745,24017771358785
2026-09-22,15:03,363,390,2744,813170972,25148657335787
2026-09-22,15:18,378,390,2744,832714387,26231776123234
2026-09-22,15:33,390,390,2744,854141906,27028701576061
2026-09-22,15:48,390,390,2744,868081786,27566338812149
2026-09-22,16:03,390,390,2744,879793365,28715145088457
2026-09-22,16:18,390,390,2744,880257944,28720517274698
2026-09-22,16:33,390,390,2744,889248187,28840929262256
2026-09-22,16:36,390,390,2744,891773777,28860497553920
2026-09-22,16:48,390,390,2744,896690794,28928571998276
2026-09-22,17:03,390,390,2744,901062851,28973668242302
2026-09-22,17:18,390,390,2744,906158265,29036052753848
2026-09-22,17:33,390,390,2744,910780644,29128656264651
2026-09-22,17:44,390,390,2744,913326537,29263437499604
2026-09-22,17:48,390,390,2744,914540451,29305577563623
2026-09-22,21:47,390,390,2744,936801887,30139844687749
2026-09-22,22:03,390,390,2744,936801887,30139844687749
2026-09-22,22:18,390,390,2744,936801887,30139844687749
2026-09-22,22:33,390,390,2744,936801887,30139844687749
2026-09-22,22:48,390,390,2744,936801887,30139844687749
2026-09-22,23:03,390,390,2744,936801887,30139844687749
2026-09-22,23:18,390,390,2744,936801887,30139844687749
2026-09-22,23:33,390,390,2744,936801887,30139844687749
2026-09-22,23:48,390,390,2744,936801887,30139844687749
2026-09-23,09:03,3,390,2744,936801887,30139844687749
2026-09-23,09:18,18,390,2744,935829580,30137750370601
2026-09-23,09:33,33,390,2744,141793492,3428922095923
2026-09-23,09:48,48,390,2744,204393527,5442144233418
2026-09-23,10:03,63,390,2744,259556719,7083729492185
2026-09-23,10:18,78,390,2744,308754533,8465321395790
2026-09-23,10:33,93,390,2744,348658434,9666554020992
2026-09-23,10:48,108,390,2744,377732558,10639468824285
2026-09-23,11:03,123,390,2744,410109424,11516946020437
2026-09-23,11:18,138,390,2744,453191446,12676689469911
2026-09-23,11:33,153,390,2744,488194240,13677368859900
2026-09-23,11:48,168,390,2744,512897435,14370521173862
2026-09-23,12:03,183,390,2744,531766614,14956598621679
2026-09-23,12:20,200,390,2744,548215637,15592231822104
2026-09-23,12:33,213,390,2744,561776282,16033472292726
2026-09-23,12:49,229,390,2744,582484113,16677763767167
2026-09-23,13:03,243,390,2744,600170553,17216893559635
2026-09-23,13:18,258,390,2744,619547088,17799068748780
2026-09-23,13:33,273,390,2744,642720192,18553560274223
2026-09-23,13:48,288,390,2744,663303112,19219143639078
2026-09-23,14:03,303,390,2744,681875628,19964475981137
2026-09-23,14:18,318,390,2744,702270165,20623006965609
2026-09-23,14:33,333,390,2744,723256982,21368656000070
2026-09-23,14:48,348,390,2744,742586617,22169221802995
2026-09-23,15:04,364,390,2744,767577860,23053975110019
2026-09-23,15:18,378,390,2744,788256281,24201879791051
2026-09-23,15:33,390,390,2744,810831617,25186719811010
2026-09-23,15:48,390,390,2744,825002781,25897364773970
2026-09-23,16:03,390,390,2744,838106595,27371975786843
2026-09-23,16:18,390,390,2744,838629338,27380836601929
2026-09-23,16:33,390,390,2744,841281104,27454543286646
2026-09-23,16:37,390,390,2744,841990978,27476806210824
2026-09-23,16:48,390,390,2744,843753333,27526911642882
2026-09-23,17:03,390,390,2744,845938194,27569495426203
2026-09-23,17:18,390,390,2744,848157068,27621113836635
2026-09-23,17:33,390,390,2744,850627947,27690445519017
2026-09-23,17:48,390,390,2744,852794408,27756586106786
2026-09-23,21:57,390,390,2743,865254814,28205962945362
2026-09-23,22:03,390,390,2743,865254814,28205962945362
2026-09-23,22:18,390,390,2743,865254814,28205962945362
2026-09-23,22:33,390,390,2743,865254814,28205962945362
2026-09-23,22:48,390,390,2743,865254814,28205962945362
2026-09-23,23:03,390,390,2743,865254814,28205962945362
2026-09-23,23:18,390,390,2743,865254814,28205962945362
2026-09-23,23:34,390,390,2743,865254814,28205962945362
2026-09-23,23:48,390,390,2743,865254814,28205962945362
2026-09-24,09:03,3,390,2740,860820600,29393741045384
2026-09-24,09:18,18,390,2740,860820600,29393741045384
2026-09-24,09:33,33,390,2740,860820600,29393741045384
2026-09-24,09:48,48,390,2740,860820600,29393741045384
2026-09-24,10:03,63,390,2740,860820600,29393741045384
2026-09-24,10:18,78,390,2740,860820600,29393741045384
2026-09-24,10:33,93,390,2740,860820600,29393741045384
2026-09-24,10:48,108,390,2740,860820600,29393741045384
2026-09-24,11:03,123,390,2740,860820600,29393741045384
2026-09-24,11:18,138,390,2740,860820600,29393741045384
2026-09-24,11:33,153,390,2740,860820600,29393741045384
2026-09-24,11:48,168,390,2740,860820600,29393741045384
2026-09-24,12:03,183,390,2740,860820600,29393741045384
2026-09-24,12:09,189,390,2740,860820600,29393741045384
2026-09-24,12:18,198,390,2740,860820601,29393741085184
2026-09-24,12:33,213,390,2740,860820601,29393741085184
2026-09-24,12:48,228,390,2740,860820601,29393741085184
2026-09-24,13:03,243,390,2740,860820601,29393741085184
2026-09-24,13:18,258,390,2740,860820601,29393741085184
2026-09-24,13:33,273,390,2740,860820601,29393741085184
2026-09-24,13:48,288,390,2740,860820601,29393741085184
2026-09-24,14:03,303,390,2740,860820601,29393741085184
2026-09-24,14:18,318,390,2740,860820601,29393741085184
2026-09-24,14:33,333,390,2740,860820601,29393741085184
2026-09-24,14:48,348,390,2740,860820601,29393741085184
2026-09-24,15:03,363,390,2740,860820601,29393741085184
2026-09-24,15:18,378,390,2740,860820601,29393741085184
2026-09-24,15:33,390,390,2740,860820601,29393741085184
2026-09-24,15:48,390,390,2740,860820601,29393741085184
2026-09-24,16:03,390,390,2740,860820601,29393741085184
2026-09-24,16:18,390,390,2740,860820601,29393741085184
2026-09-24,16:33,390,390,2740,860820601,29393741085184
2026-09-24,16:37,390,390,2740,860820601,29393741085184
2026-09-24,16:48,390,390,2740,860820601,29393741085184
2026-09-24,17:03,390,390,2740,860820601,29393741085184
2026-09-24,17:18,390,390,2740,860820601,29393741085184
2026-09-24,17:26,390,390,2740,860820601,29393741085184
2026-09-24,17:33,390,390,2740,860820601,29393741085184
2026-09-24,17:48,390,390,2740,860820601,29393741085184
2026-09-24,21:51,390,390,2740,860820601,29393741085184
2026-09-24,22:03,390,390,2740,860820601,29393741085184
2026-09-24,22:18,390,390,2740,860820601,29393741085184
2026-09-24,22:33,390,390,2740,860820601,29393741085184
2026-09-24,22:48,390,390,2740,860820601,29393741085184
2026-09-24,23:03,390,390,2740,860820601,29393741085184
2026-09-24,23:18,390,390,2740,860820601,29393741085184
2026-09-24,23:33,390,390,2740,860820601,29393741085184
2026-09-24,23:48,390,390,2740,860820601,29393741085184
2026-09-25,09:03,3,390,2741,860820601,29393741085184
2026-09-25,09:18,18,390,2739,859929903,29392889577896
2026-09-25,09:33,33,390,2739,859929903,29392889577896
2026-09-25,09:48,48,390,2739,859929903,29392889577896
2026-09-25,10:03,63,390,2739,859929903,29392889577896
2026-09-25,10:18,78,390,2739,859929903,29392889577896
2026-09-25,10:33,93,390,2739,859929903,29392889577896
2026-09-25,10:48,108,390,2739,859929903,29392889577896
2026-09-25,11:03,123,390,2739,859929903,29392889577896
2026-09-25,11:18,138,390,2739,859929903,29392889577896
2026-09-25,11:33,153,390,2739,859929903,29392889577896
2026-09-25,11:48,168,390,2739,859929903,29392889577896
2026-09-25,12:03,183,390,2739,859929903,29392889577896
2026-09-25,12:18,198,390,2739,859929903,29392889577896
2026-09-25,12:26,206,390,2739,859929903,29392889577896
2026-09-25,12:33,213,390,2739,859929903,29392889577896
2026-09-25,12:48,228,390,2739,859929903,29392889577896
2026-09-25,13:03,243,390,2739,859929903,29392889577896
2026-09-25,13:18,258,390,2739,859929903,29392889577896
2026-09-25,13:33,273,390,2739,859929903,29392889577896
2026-09-25,13:48,288,390,2739,859929903,29392889577896
2026-09-25,14:03,303,390,2739,859929903,29392889577896
2026-09-25,14:18,318,390,2739,859929903,29392889577896
2026-09-25,14:33,333,390,2739,859929903,29392889577896
2026-09-25,14:48,348,390,2739,859929903,29392889577896
2026-09-25,15:03,363,390,2739,859929903,29392889577896
2026-09-25,15:19,379,390,2739,859929903,29392889577896
2026-09-25,15:33,390,390,2739,859929903,29392889577896
2026-09-25,15:48,390,390,2739,859929903,29392889577896
2026-09-25,16:03,390,390,2739,859929903,29392889577896
2026-09-25,16:18,390,390,2739,859929903,29392889577896
2026-09-25,16:33,390,390,2739,859929903,29392889577896
2026-09-25,16:37,390,390,2739,859929903,29392889577896
2026-09-25,16:48,390,390,2739,859929903,29392889577896
2026-09-25,17:03,390,390,2739,859929903,29392889577896
2026-09-25,17:18,390,390,2739,859929903,29392889577896
2026-09-25,17:33,390,390,2739,859929903,29392889577896
2026-09-25,17:48,390,390,2739,859929903,29392889577896
2026-09-25,18:00,390,390,2739,859929903,29392889577896
2026-09-25,21:55,390,390,2739,859929903,29392889577896
2026-09-25,22:03,390,390,2739,859929903,29392889577896
2026-09-25,22:18,390,390,2739,859929903,29392889577896
2026-09-25,22:33,390,390,2739,859929903,29392889577896
2026-09-25,22:48,390,390,2739,859929903,29392889577896
2026-09-25,23:03,390,390,2739,859929903,29392889577896
2026-09-25,23:18,390,390,2739,859929903,29392889577896
2026-09-25,23:33,390,390,2739,859929903,29392889577896
2026-09-25,23:48,390,390,2739,859929903,29392889577896
2026-09-26,09:03,3,390,2739,859929903,29392889577896
2026-09-26,09:07,7,390,2739,859929903,29392889577896
2026-09-26,09:18,18,390,2739,859929903,29392889577896
2026-09-26,09:33,33,390,2739,859929903,29392889577896
2026-09-26,09:48,48,390,2739,859929903,29392889577896
2026-09-26,10:03,63,390,2739,859929903,29392889577896
2026-09-26,10:18,78,390,2739,859929903,29392889577896
